subsetup,feature,n,winrate,mutual_info,lift_top,lift_bot,lift_spread,p_value
HTF_ALIGN,bars_since_sw_choch_dir,154,0.506,0.0902,1.332,0.755,0.577,0.065
HTF_ALIGN,is_monday,154,0.506,0.0619,1.077,0.718,0.359,0.0978
HTF_ALIGN,is_friday,154,0.506,0.0553,1.215,0.98,0.235,0.5955
HTF_ALIGN,bear_fvg_0_filled_pct,154,0.506,0.0526,1.043,0.828,0.215,0.5803
HTF_ALIGN,n_active_bull_fvgs,154,0.506,0.0519,1.049,0.965,0.084,0.7228
HTF_ALIGN,btc_macro_bias,154,0.506,0.0495,1.097,0.694,0.403,0.0481
HTF_ALIGN,volume_spike_at_choch,154,0.506,0.0419,1.0,1.0,0.0,1.0
HTF_ALIGN,bear_ob_0_touches,154,0.506,0.0407,1.0,0.987,0.013,1.0
HTF_ALIGN,daily_range_position_pct,154,0.506,0.0272,1.146,0.79,0.357,0.3204
HTF_ALIGN,bars_since_int_choch_dir,154,0.506,0.0223,1.376,0.718,0.658,0.0264
HTF_ALIGN,internal_sweep_bearish,154,0.506,0.0199,1.0,1.0,0.0,1.0
HTF_ALIGN,weekly_range_position_pct,154,0.506,0.0074,1.274,0.637,0.637,0.188
HTF_ALIGN,bull_fvg_0_filled_pct,154,0.506,0.0058,1.0,1.0,0.0,0.6299
HTF_ALIGN,bear_ob_0_rvol,154,0.506,0.0018,1.019,0.987,0.032,0.3498
HTF_ALIGN,draw_pct_to_opposite_zone,154,0.506,0.0,1.083,0.921,0.161,0.5203
HTF_ALIGN,inducement_magnitude_pct,154,0.506,0.0,1.0,1.0,0.0,1.0
HTF_ALIGN,bars_since_last_sweep_same_dir,154,0.506,0.0,1.974,0.987,0.987,0.3726
HTF_ALIGN,inducement_swept_recent,154,0.506,0.0,1.0,1.0,0.0,1.0
HTF_ALIGN,choch_displacement_atr,154,0.506,0.0,1.0,1.0,0.0,0.8481
HTF_ALIGN,entry_is_bullish,154,0.506,0.0,1.042,0.963,0.079,0.7387
HTF_ALIGN,choch_displacement_pct,154,0.506,0.0,1.0,1.0,0.0,0.9666
HTF_ALIGN,entry_body_pct,154,0.506,0.0,1.146,0.892,0.255,0.5838
HTF_ALIGN,entry_upper_wick_pct,154,0.506,0.0,1.119,0.892,0.227,0.7648
HTF_ALIGN,entry_lower_wick_pct,154,0.506,0.0,1.25,0.828,0.422,0.4632
HTF_ALIGN,zone_rejection_strength,154,0.506,0.0,1.146,0.892,0.255,0.3246
HTF_ALIGN,bull_ob_0_rvol,154,0.506,0.0,1.146,0.944,0.202,0.2716
HTF_ALIGN,htf_range_position_pct,154,0.506,0.0,1.119,0.828,0.291,0.1416
HTF_ALIGN,atr_pct_rank,154,0.506,0.0,1.274,0.718,0.556,0.131
HTF_ALIGN,swing_range_position_pct,154,0.506,0.0,1.146,0.856,0.291,0.7213
HTF_ALIGN,bear_fvg_0_rvol,154,0.506,0.0,1.083,0.955,0.127,0.8484
HTF_ALIGN,bull_fvg_0_rvol,154,0.506,0.0,1.146,0.892,0.255,0.4295
HTF_ALIGN,bear_ob_0_mitigated,154,0.506,0.0,1.974,0.994,0.981,1.0
HTF_ALIGN,bull_ob_0_mitigated,154,0.506,0.0,1.974,0.987,0.987,0.4881
HTF_ALIGN,bull_ob_0_touches,154,0.506,0.0,1.974,0.987,0.987,0.6124
HTF_ALIGN,bear_ob_0_age,154,0.506,0.0,1.231,0.52,0.712,0.0447
HTF_ALIGN,bull_ob_0_age,154,0.506,0.0,1.116,0.948,0.168,0.6134
HTF_ALIGN,n_active_bull_obs,154,0.506,0.0,1.087,0.929,0.158,0.4082
HTF_ALIGN,below_pdl,154,0.506,0.0,1.053,0.966,0.087,0.7136
HTF_ALIGN,above_pdh,154,0.506,0.0,1.059,0.978,0.081,0.789
HTF_ALIGN,n_active_bear_fvgs,154,0.506,0.0,1.028,0.975,0.053,0.8652
HTF_ALIGN,n_active_bear_obs,154,0.506,0.0,1.077,0.942,0.135,0.4999
HTF_ALIGN,internal_sweep_bullish,154,0.506,0.0,1.007,0.0,1.007,0.9896
HTF_ALIGN,in_kill_zone,154,0.506,0.0,1.009,0.94,0.069,0.9489
HTF_ALIGN,swing_sweep_bullish,154,0.506,0.0,1.0,1.0,0.0,1.0
HTF_ALIGN,swing_sweep_bearish,154,0.506,0.0,1.0,1.0,0.0,1.0
HTF_CONF,n_active_bear_obs,199,0.482,0.0655,1.096,0.948,0.148,0.4171
HTF_CONF,in_kill_zone,199,0.482,0.0517,1.52,0.958,0.563,0.0795
HTF_CONF,n_active_bull_obs,199,0.482,0.0495,1.078,0.953,0.125,0.4972
HTF_CONF,entry_body_pct,199,0.482,0.0408,1.244,0.744,0.5,0.5354
HTF_CONF,choch_displacement_pct,199,0.482,0.0387,1.0,1.0,0.0,0.8214
HTF_CONF,bars_since_sw_choch_dir,199,0.482,0.0365,1.296,0.851,0.444,0.0587
HTF_CONF,is_monday,199,0.482,0.0345,1.049,0.77,0.279,0.2073
HTF_CONF,bear_ob_0_age,199,0.482,0.0337,1.094,0.691,0.403,0.5477
HTF_CONF,btc_macro_bias,199,0.482,0.0311,1.004,0.985,0.019,1.0
HTF_CONF,above_pdh,199,0.482,0.0274,1.198,0.942,0.255,0.1985
HTF_CONF,entry_lower_wick_pct,199,0.482,0.0269,1.14,0.726,0.415,0.3228
HTF_CONF,bull_fvg_0_rvol,199,0.482,0.0269,1.088,0.933,0.155,0.546
HTF_CONF,inducement_swept_recent,199,0.482,0.0268,1.0,1.0,0.0,1.0
HTF_CONF,bear_fvg_0_filled_pct,199,0.482,0.0262,1.082,0.674,0.408,0.0209
HTF_CONF,bear_ob_0_mitigated,199,0.482,0.0249,1.0,1.0,0.0,1.0
HTF_CONF,bars_since_int_choch_dir,199,0.482,0.0235,1.088,0.888,0.2,0.1873
HTF_CONF,atr_pct_rank,199,0.482,0.02,1.225,0.726,0.499,0.4007
HTF_CONF,is_friday,199,0.482,0.0197,1.012,0.929,0.083,0.8438
HTF_CONF,volume_spike_at_choch,199,0.482,0.0176,1.0,1.0,0.0,1.0
HTF_CONF,entry_upper_wick_pct,199,0.482,0.0172,1.14,0.691,0.449,0.6685
HTF_CONF,entry_is_bullish,199,0.482,0.0052,1.077,0.919,0.158,0.3498
HTF_CONF,swing_range_position_pct,199,0.482,0.0027,1.244,0.777,0.466,0.5286
HTF_CONF,internal_sweep_bearish,199,0.482,0.002,1.0,1.0,0.0,1.0
HTF_CONF,bear_ob_0_rvol,199,0.482,0.0014,1.088,0.85,0.238,0.3929
HTF_CONF,draw_pct_to_opposite_zone,199,0.482,0.0,1.14,0.829,0.311,0.2507
HTF_CONF,choch_displacement_atr,199,0.482,0.0,1.0,1.0,0.0,0.6546
HTF_CONF,bars_since_last_sweep_same_dir,199,0.482,0.0,1.0,1.0,0.0,1.0
HTF_CONF,inducement_magnitude_pct,199,0.482,0.0,1.0,1.0,0.0,1.0
HTF_CONF,zone_rejection_strength,199,0.482,0.0,1.192,0.777,0.415,0.3726
HTF_CONF,bear_fvg_0_rvol,199,0.482,0.0,1.097,0.777,0.32,0.0579
HTF_CONF,bull_ob_0_mitigated,199,0.482,0.0,1.036,1.0,0.037,1.0
HTF_CONF,bull_ob_0_touches,199,0.482,0.0,1.036,1.0,0.037,1.0
HTF_CONF,bear_ob_0_touches,199,0.482,0.0,1.01,0.0,1.01,0.5085
HTF_CONF,bull_ob_0_age,199,0.482,0.0,1.209,0.954,0.255,0.871
HTF_CONF,daily_range_position_pct,199,0.482,0.0,1.14,0.726,0.415,0.1692
HTF_CONF,weekly_range_position_pct,199,0.482,0.0,1.296,0.622,0.674,0.0446
HTF_CONF,bull_ob_0_rvol,199,0.482,0.0,1.017,0.933,0.084,0.6193
HTF_CONF,htf_range_position_pct,199,0.482,0.0,1.14,0.881,0.259,0.2919
HTF_CONF,n_active_bear_fvgs,199,0.482,0.0,1.2,0.817,0.383,0.0138
HTF_CONF,n_active_bull_fvgs,199,0.482,0.0,1.024,0.984,0.04,0.9024
HTF_CONF,bull_fvg_0_filled_pct,199,0.482,0.0,1.0,1.0,0.0,0.1439
HTF_CONF,below_pdl,199,0.482,0.0,1.053,0.912,0.141,0.4326
HTF_CONF,internal_sweep_bullish,199,0.482,0.0,2.073,0.995,1.078,0.9719
HTF_CONF,swing_sweep_bullish,199,0.482,0.0,1.0,1.0,0.0,1.0
HTF_CONF,swing_sweep_bearish,199,0.482,0.0,1.0,1.0,0.0,1.0
LONG,entry_is_bullish,139,0.547,0.1672,1.02,0.941,0.079,0.8026
LONG,bars_since_int_choch_dir,139,0.547,0.059,1.341,0.732,0.61,0.0003
LONG,entry_lower_wick_pct,139,0.547,0.0558,1.045,0.914,0.131,0.6091
LONG,bear_fvg_0_filled_pct,139,0.547,0.0459,1.0,1.0,0.0,0.4173
LONG,bear_ob_0_touches,139,0.547,0.0456,1.829,0.994,0.835,1.0
LONG,above_pdh,139,0.547,0.0364,1.042,0.932,0.11,0.604
LONG,bear_ob_0_age,139,0.547,0.034,1.829,0.994,0.835,1.0
LONG,bars_since_last_sweep_same_dir,139,0.547,0.0311,1.829,0.988,0.841,0.4313
LONG,bull_ob_0_touches,139,0.547,0.0306,1.001,0.914,0.087,1.0
LONG,atr_pct_rank,139,0.547,0.0303,1.372,0.671,0.701,0.0833
LONG,bull_ob_0_rvol,139,0.547,0.0295,1.11,0.784,0.327,0.3145
LONG,bull_ob_0_age,139,0.547,0.0258,1.143,0.946,0.197,0.7514
LONG,swing_sweep_bearish,139,0.547,0.0256,1.0,1.0,0.0,1.0
LONG,draw_pct_to_opposite_zone,139,0.547,0.0232,1.306,0.813,0.494,0.562
LONG,inducement_magnitude_pct,139,0.547,0.0208,1.0,1.0,0.0,1.0
LONG,bull_ob_0_mitigated,139,0.547,0.0194,1.829,0.994,0.835,1.0
LONG,weekly_range_position_pct,139,0.547,0.0192,1.152,0.784,0.368,0.2304
LONG,bull_fvg_0_filled_pct,139,0.547,0.0178,1.055,0.784,0.271,0.1874
LONG,internal_sweep_bearish,139,0.547,0.0176,1.0,1.0,0.0,1.0
LONG,n_active_bear_fvgs,139,0.547,0.0157,1.063,0.665,0.398,0.0995
LONG,internal_sweep_bullish,139,0.547,0.0135,1.0,1.0,0.0,1.0
LONG,n_active_bear_obs,139,0.547,0.011,1.829,0.988,0.841,0.5609
LONG,n_active_bull_obs,139,0.547,0.0101,1.829,0.994,0.835,1.0
LONG,swing_range_position_pct,139,0.547,0.0041,1.11,0.914,0.196,0.2462
LONG,swing_sweep_bullish,139,0.547,0.0015,1.0,1.0,0.0,1.0
LONG,entry_upper_wick_pct,139,0.547,0.0,1.176,0.914,0.261,0.2321
LONG,entry_body_pct,139,0.547,0.0,1.176,0.881,0.295,0.2439
LONG,choch_displacement_pct,139,0.547,0.0,1.0,1.0,0.0,0.6269
LONG,zone_rejection_strength,139,0.547,0.0,1.11,0.881,0.23,0.5817
LONG,volume_spike_at_choch,139,0.547,0.0,1.0,1.0,0.0,1.0
LONG,choch_displacement_atr,139,0.547,0.0,1.0,1.0,0.0,0.6652
LONG,inducement_swept_recent,139,0.547,0.0,1.0,1.0,0.0,1.0
LONG,bear_ob_0_mitigated,139,0.547,0.0,1.829,0.994,0.835,1.0
LONG,htf_range_position_pct,139,0.547,0.0,1.084,0.914,0.169,0.6603
LONG,bars_since_sw_choch_dir,139,0.547,0.0,1.183,0.857,0.326,0.3536
LONG,daily_range_position_pct,139,0.547,0.0,1.176,0.784,0.392,0.176
LONG,bear_ob_0_rvol,139,0.547,0.0,1.829,0.988,0.841,0.4313
LONG,bear_fvg_0_rvol,139,0.547,0.0,1.0,1.0,0.0,0.1453
LONG,bull_fvg_0_rvol,139,0.547,0.0,1.11,0.881,0.23,0.4892
LONG,below_pdl,139,0.547,0.0,1.829,0.988,0.841,0.5609
LONG,n_active_bull_fvgs,139,0.547,0.0,1.032,0.914,0.118,0.6254
LONG,is_friday,139,0.547,0.0,1.02,0.914,0.105,0.7545
LONG,is_monday,139,0.547,0.0,1.014,0.946,0.068,0.8813
LONG,in_kill_zone,139,0.547,0.0,1.01,0.914,0.095,0.9302
LONG,btc_macro_bias,139,0.547,0.0,1.0,1.0,0.0,1.0
SHORT,bull_ob_0_rvol,219,0.457,0.0672,1.0,1.0,0.0,0.2473
SHORT,internal_sweep_bearish,219,0.457,0.0602,1.0,1.0,0.0,1.0
SHORT,n_active_bull_obs,219,0.457,0.0521,1.002,0.939,0.063,1.0
SHORT,bars_since_sw_choch_dir,219,0.457,0.0456,1.314,0.701,0.613,0.7985
SHORT,entry_lower_wick_pct,219,0.457,0.0287,1.12,0.796,0.324,0.1591
SHORT,daily_range_position_pct,219,0.457,0.0258,1.294,0.764,0.53,0.3194
SHORT,is_monday,219,0.457,0.0249,1.095,0.562,0.533,0.0096
SHORT,atr_pct_rank,219,0.457,0.0241,1.294,0.713,0.581,0.8166
SHORT,n_active_bear_obs,219,0.457,0.0225,1.0,1.0,0.0,1.0
SHORT,draw_pct_to_opposite_zone,219,0.457,0.0224,1.095,0.815,0.28,0.1164
SHORT,btc_macro_bias,219,0.457,0.0223,1.048,0.915,0.133,0.4673
SHORT,zone_rejection_strength,219,0.457,0.0209,1.145,0.796,0.348,0.9628
SHORT,choch_displacement_pct,219,0.457,0.0155,1.0,1.0,0.0,0.8157
SHORT,bear_ob_0_age,219,0.457,0.0133,1.432,0.649,0.783,0.1297
SHORT,bull_ob_0_age,219,0.457,0.013,1.0,1.0,0.0,0.6772
SHORT,choch_displacement_atr,219,0.457,0.0079,1.0,1.0,0.0,0.466
SHORT,inducement_swept_recent,219,0.457,0.0073,1.0,1.0,0.0,1.0
SHORT,entry_body_pct,219,0.457,0.0069,1.244,0.815,0.429,0.3987
SHORT,swing_range_position_pct,219,0.457,0.0042,1.195,0.821,0.373,0.5411
SHORT,htf_range_position_pct,219,0.457,0.0035,1.195,0.866,0.329,0.9221
SHORT,bear_fvg_0_rvol,219,0.457,0.0029,1.195,0.866,0.329,0.4088
SHORT,bull_fvg_0_filled_pct,219,0.457,0.0029,1.0,1.0,0.0,0.1432
SHORT,volume_spike_at_choch,219,0.457,0.0,1.0,1.0,0.0,1.0
SHORT,bars_since_int_choch_dir,219,0.457,0.0,1.145,0.834,0.31,0.5057
SHORT,inducement_magnitude_pct,219,0.457,0.0,1.0,1.0,0.0,1.0
SHORT,entry_upper_wick_pct,219,0.457,0.0,1.145,0.796,0.348,0.8193
SHORT,entry_is_bullish,219,0.457,0.0,1.049,0.977,0.072,0.7543
SHORT,bars_since_last_sweep_same_dir,219,0.457,0.0,1.0,1.0,0.0,1.0
SHORT,weekly_range_position_pct,219,0.457,0.0,1.294,0.647,0.647,0.1885
SHORT,bull_fvg_0_rvol,219,0.457,0.0,1.051,0.796,0.255,0.043
SHORT,bear_ob_0_mitigated,219,0.457,0.0,1.0,1.0,0.0,1.0
SHORT,bull_ob_0_mitigated,219,0.457,0.0,1.46,0.994,0.466,0.8793
SHORT,bear_ob_0_touches,219,0.457,0.0,1.014,0.0,1.014,0.2786
SHORT,bull_ob_0_touches,219,0.457,0.0,2.19,0.994,1.196,0.5454
SHORT,bear_ob_0_rvol,219,0.457,0.0,1.145,0.846,0.299,0.4104
SHORT,n_active_bull_fvgs,219,0.457,0.0,1.038,0.857,0.181,0.4042
SHORT,bear_fvg_0_filled_pct,219,0.457,0.0,1.039,0.846,0.193,0.4805
SHORT,below_pdl,219,0.457,0.0,1.038,0.939,0.1,0.6046
SHORT,above_pdh,219,0.457,0.0,1.005,0.0,1.005,1.0
SHORT,n_active_bear_fvgs,219,0.457,0.0,1.024,0.99,0.034,0.9545
SHORT,in_kill_zone,219,0.457,0.0,1.394,0.956,0.438,0.119
SHORT,internal_sweep_bullish,219,0.457,0.0,1.095,0.999,0.096,1.0
SHORT,is_friday,219,0.457,0.0,1.095,0.991,0.104,0.8897
SHORT,swing_sweep_bullish,219,0.457,0.0,1.0,1.0,0.0,1.0
SHORT,swing_sweep_bearish,219,0.457,0.0,1.0,1.0,0.0,1.0
FVGBRK,bull_fvg_0_rvol,165,0.479,0.0708,1.097,0.823,0.274,0.4216
FVGBRK,is_monday,165,0.479,0.0566,1.107,0.539,0.568,0.0114
FVGBRK,n_active_bear_fvgs,165,0.479,0.0531,1.01,0.988,0.022,1.0
FVGBRK,bear_ob_0_mitigated,165,0.479,0.0474,2.089,0.993,1.095,0.966
FVGBRK,bear_ob_0_touches,165,0.479,0.0465,1.044,0.999,0.045,1.0
FVGBRK,bear_ob_0_age,165,0.479,0.0371,1.16,0.653,0.508,0.2062
FVGBRK,bull_ob_0_mitigated,165,0.479,0.0325,2.089,0.987,1.102,0.4398
FVGBRK,bars_since_int_choch_dir,165,0.479,0.0315,1.213,0.799,0.414,0.5618
FVGBRK,swing_sweep_bullish,165,0.479,0.0305,1.0,1.0,0.0,1.0
FVGBRK,internal_sweep_bullish,165,0.479,0.0213,1.044,0.999,0.045,1.0
FVGBRK,bear_ob_0_rvol,165,0.479,0.019,1.076,0.823,0.253,0.5479
FVGBRK,internal_sweep_bearish,165,0.479,0.0166,1.0,1.0,0.0,1.0
FVGBRK,bull_ob_0_rvol,165,0.479,0.0165,1.076,0.949,0.127,0.3218
FVGBRK,bull_fvg_0_filled_pct,165,0.479,0.011,1.0,1.0,0.0,0.1989
FVGBRK,entry_lower_wick_pct,165,0.479,0.0094,1.203,0.759,0.443,0.678
FVGBRK,bull_ob_0_touches,165,0.479,0.0087,2.089,0.987,1.102,0.3322
FVGBRK,atr_pct_rank,165,0.479,0.0067,1.167,0.674,0.493,0.491
FVGBRK,inducement_swept_recent,165,0.479,0.0061,1.0,1.0,0.0,1.0
FVGBRK,zone_rejection_strength,165,0.479,0.0051,1.076,0.886,0.19,0.9545
FVGBRK,volume_spike_at_choch,165,0.479,0.0032,1.0,1.0,0.0,1.0
FVGBRK,bars_since_last_sweep_same_dir,165,0.479,0.0009,2.089,0.993,1.095,0.966
FVGBRK,draw_pct_to_opposite_zone,165,0.479,0.0,1.076,0.823,0.253,0.5078
FVGBRK,inducement_magnitude_pct,165,0.479,0.0,1.0,1.0,0.0,1.0
FVGBRK,choch_displacement_atr,165,0.479,0.0,1.0,1.0,0.0,0.6694
FVGBRK,choch_displacement_pct,165,0.479,0.0,1.0,1.0,0.0,0.9973
FVGBRK,entry_body_pct,165,0.479,0.0,1.139,0.759,0.38,0.9805
FVGBRK,entry_upper_wick_pct,165,0.479,0.0,1.139,0.886,0.253,0.4437
FVGBRK,entry_is_bullish,165,0.479,0.0,1.031,0.97,0.062,0.8229
FVGBRK,daily_range_position_pct,165,0.479,0.0,1.266,0.886,0.38,0.3204
FVGBRK,bear_fvg_0_rvol,165,0.479,0.0,1.034,0.949,0.084,0.3398
FVGBRK,bull_ob_0_age,165,0.479,0.0,1.224,0.932,0.292,0.1505
FVGBRK,weekly_range_position_pct,165,0.479,0.0,1.329,0.57,0.759,0.3083
FVGBRK,bars_since_sw_choch_dir,165,0.479,0.0,1.193,0.769,0.424,0.3093
FVGBRK,htf_range_position_pct,165,0.479,0.0,1.139,0.823,0.316,0.4266
FVGBRK,swing_range_position_pct,165,0.479,0.0,1.329,0.759,0.57,0.7279
FVGBRK,n_active_bull_obs,165,0.479,0.0,1.059,0.953,0.105,0.6271
FVGBRK,bear_fvg_0_filled_pct,165,0.479,0.0,1.0,1.0,0.0,0.7743
FVGBRK,below_pdl,165,0.479,0.0,1.044,0.911,0.133,0.5445
FVGBRK,above_pdh,165,0.479,0.0,1.2,0.92,0.279,0.1676
FVGBRK,n_active_bull_fvgs,165,0.479,0.0,1.11,0.848,0.262,0.1518
FVGBRK,n_active_bear_obs,165,0.479,0.0,1.044,0.967,0.077,0.7561
FVGBRK,is_friday,165,0.479,0.0,1.0,0.999,0.001,1.0
FVGBRK,in_kill_zone,165,0.479,0.0,1.641,0.941,0.7,0.0337
FVGBRK,swing_sweep_bearish,165,0.479,0.0,1.0,1.0,0.0,1.0
FVGBRK,btc_macro_bias,165,0.479,0.0,1.076,0.716,0.36,0.1046
OB_FRESH,bull_fvg_0_filled_pct,103,0.553,0.0874,1.0,1.0,0.0,0.9377
OB_FRESH,volume_spike_at_choch,103,0.553,0.078,1.0,1.0,0.0,1.0
OB_FRESH,bull_fvg_0_rvol,103,0.553,0.0698,1.119,0.97,0.149,0.4989
OB_FRESH,bear_ob_0_mitigated,103,0.553,0.0576,1.0,1.0,0.0,1.0
OB_FRESH,below_pdl,103,0.553,0.0456,1.029,0.951,0.078,0.8279
OB_FRESH,zone_rejection_strength,103,0.553,0.0418,1.205,0.774,0.43,0.1643
OB_FRESH,bear_ob_0_touches,103,0.553,0.0373,1.0,1.0,0.0,1.0
OB_FRESH,n_active_bear_obs,103,0.553,0.0253,1.123,0.931,0.192,0.403
OB_FRESH,swing_range_position_pct,103,0.553,0.0198,1.291,0.813,0.478,0.3416
OB_FRESH,bars_since_sw_choch_dir,103,0.553,0.0167,1.246,0.476,0.771,0.9432
OB_FRESH,choch_displacement_pct,103,0.553,0.0147,1.0,1.0,0.0,0.4215
OB_FRESH,bear_fvg_0_rvol,103,0.553,0.0146,1.049,0.813,0.236,0.3407
OB_FRESH,daily_range_position_pct,103,0.553,0.0111,1.205,0.86,0.344,0.5504
OB_FRESH,bull_ob_0_age,103,0.553,0.008,1.42,0.934,0.486,0.0957
OB_FRESH,entry_upper_wick_pct,103,0.553,0.0069,1.205,0.723,0.482,0.706
OB_FRESH,bear_fvg_0_filled_pct,103,0.553,0.0069,1.014,0.947,0.067,0.8619
OB_FRESH,weekly_range_position_pct,103,0.553,0.0037,1.175,0.86,0.314,0.3354
OB_FRESH,above_pdh,103,0.553,0.0006,1.141,0.968,0.173,0.6146
OB_FRESH,bars_since_int_choch_dir,103,0.553,0.0,1.305,0.739,0.566,0.0818
OB_FRESH,entry_lower_wick_pct,103,0.553,0.0,1.102,0.86,0.241,0.8352
OB_FRESH,entry_is_bullish,103,0.553,0.0,1.048,0.955,0.093,0.742
OB_FRESH,entry_body_pct,103,0.553,0.0,1.265,0.86,0.404,0.9377
OB_FRESH,bars_since_last_sweep_same_dir,103,0.553,0.0,1.807,0.992,0.815,1.0
OB_FRESH,draw_pct_to_opposite_zone,103,0.553,0.0,1.119,0.86,0.258,0.8932
OB_FRESH,inducement_magnitude_pct,103,0.553,0.0,1.0,1.0,0.0,1.0
OB_FRESH,choch_displacement_atr,103,0.553,0.0,1.0,1.0,0.0,0.6379
OB_FRESH,inducement_swept_recent,103,0.553,0.0,1.0,1.0,0.0,1.0
OB_FRESH,atr_pct_rank,103,0.553,0.0,1.377,0.723,0.654,0.904
OB_FRESH,bull_ob_0_rvol,103,0.553,0.0,1.291,0.926,0.365,0.1356
OB_FRESH,bull_ob_0_mitigated,103,0.553,0.0,1.0,1.0,0.0,1.0
OB_FRESH,bull_ob_0_touches,103,0.553,0.0,1.0,1.0,0.0,1.0
OB_FRESH,bear_ob_0_age,103,0.553,0.0,1.123,0.531,0.591,0.2425
OB_FRESH,bear_ob_0_rvol,103,0.553,0.0,1.102,0.86,0.241,0.1462
OB_FRESH,htf_range_position_pct,103,0.553,0.0,1.119,0.774,0.344,0.2377
OB_FRESH,n_active_bull_obs,103,0.553,0.0,1.141,0.917,0.224,0.3101
OB_FRESH,n_active_bear_fvgs,103,0.553,0.0,1.106,0.904,0.203,0.3442
OB_FRESH,n_active_bull_fvgs,103,0.553,0.0,1.094,0.945,0.149,0.5457
OB_FRESH,in_kill_zone,103,0.553,0.0,1.004,0.973,0.031,1.0
OB_FRESH,is_monday,103,0.553,0.0,1.056,0.645,0.41,0.1937
OB_FRESH,is_friday,103,0.553,0.0,1.004,1.0,0.004,1.0
OB_FRESH,internal_sweep_bullish,103,0.553,0.0,1.0,1.0,0.0,1.0
OB_FRESH,internal_sweep_bearish,103,0.553,0.0,1.0,1.0,0.0,1.0
OB_FRESH,swing_sweep_bullish,103,0.553,0.0,1.0,1.0,0.0,1.0
OB_FRESH,swing_sweep_bearish,103,0.553,0.0,1.0,1.0,0.0,1.0
OB_FRESH,btc_macro_bias,103,0.553,0.0,1.071,0.739,0.332,0.1958
